,A03V8,A09B4,A11B6,A12C3,A12M3,A82D9,A82H1,A82K7,A82S3,C02X6,C06F7,D07D2,F05E5,F08B3,F75G1,F82F8,F82U8,G08B8,G09B9,H05J1,J05B1,J06S6,J07B1,J12B5,J13Q5,K00Z3,K09C0,K11B3,L89T8,M09C2,N82B1,N82N5,PR-4290,PR-4291,PR-4903,R08U4,S08B0,S08D6,S08Z3,S80V4,W05Z5,W07N6,X78M0,X95R4,Z95J5
A03V8,Rinse,KOH Wash,Boilout,Boilout,Boilout,Rinse,Rinse,Boilout,Rinse,Boilout,KOH Wash,DI Rinse,DI Rinse,Rinse,Rinse,Rinse,Rinse,Boilout,Rinse,Rinse,Boilout,Boilout,KOH Wash,Boilout,Rinse,Rinse,Rinse,Boilout,Boilout,KOH Wash,Rinse,Rinse,Rinse,Rinse,Rinse,Rinse,Boilout,Rinse,Rinse,Rinse,DI Rinse,KOH Wash,Boilout,Boilout,Boilout
A09B4,Boilout,KOH Wash,Boilout,Boilout,Boilout,Boilout,Boilout,Boilout,Boilout,Boilout,Boilout,DI Rinse,Boilout,Boilout,Boilout,Boilout,Boilout,Boilout,Boilout,Boilout,Boilout,Boilout,KOH Wash,Boilout,Boilout,Boilout,Boilout,Boilout,Boilout,KOH Wash,Boilout,Boilout,Boilout,Boilout,Boilout,Boilout,Boilout,Boilout,Boilout,Boilout,Boilout,Boilout,Boilout,Boilout,Boilout
A11B6,Boilout,KOH Wash,Rinse,Rinse,Boilout,Rinse,Rinse,Boilout,Rinse,Boilout,Boilout,DI Rinse,DI Rinse,Boilout,Boilout,Boilout,Boilout,Boilout,Boilout,Boilout,Boilout,Boilout,KOH Wash,Boilout,Boilout,DI Rinse,Boilout,Boilout,Boilout,KOH Wash,Rinse,Boilout,Boilout,Boilout,Boilout,Boilout,Boilout,Rinse,Rinse,Rinse,DI Rinse,Boilout,Boilout,Boilout,Rinse
A12C3,Boilout,KOH Wash,Boilout,Rinse,Boilout,Rinse,Rinse,Boilout,Rinse,Boilout,Boilout,DI Rinse,DI Rinse,Boilout,Boilout,Boilout,Boilout,Boilout,Boilout,Boilout,Boilout,Boilout,KOH Wash,Boilout,Boilout,DI Rinse,Boilout,Boilout,Boilout,KOH Wash,Rinse,Boilout,Boilout,Boilout,Boilout,Boilout,Boilout,Rinse,Rinse,Rinse,Rinse,Boilout,Boilout,Boilout,Rinse
A12M3,Boilout,KOH Wash,Boilout,Rinse,Rinse,Rinse,Rinse,Boilout,Rinse,Boilout,Boilout,DI Rinse,DI Rinse,Boilout,Boilout,Boilout,Boilout,Boilout,Boilout,Boilout,Boilout,Boilout,KOH Wash,Boilout,Boilout,DI Rinse,Boilout,Boilout,Boilout,KOH Wash,Rinse,Boilout,Boilout,Boilout,Boilout,Boilout,Boilout,Rinse,Rinse,Rinse,Rinse,Boilout,Boilout,Boilout,Rinse
A82D9,Rinse,KOH Wash,Boilout,Rinse,Boilout,Rinse,Rinse,Boilout,Rinse,Boilout,Boilout,DI Rinse,DI Rinse,Boilout,Boilout,Boilout,Boilout,Rinse,Rinse,Boilout,Boilout,Boilout,KOH Wash,Boilout,Boilout,DI Rinse,Boilout,Boilout,Boilout,KOH Wash,Rinse,Boilout,Boilout,Boilout,Rinse,Boilout,Rinse,Rinse,Rinse,Rinse,Rinse,Boilout,Boilout,Boilout,Rinse
A82H1,Rinse,KOH Wash,Boilout,Rinse,Boilout,Rinse,Rinse,Boilout,Rinse,Boilout,Boilout,DI Rinse,DI Rinse,Boilout,Boilout,Boilout,Boilout,Rinse,Rinse,Boilout,Boilout,Boilout,KOH Wash,Boilout,Boilout,DI Rinse,Boilout,Boilout,Boilout,KOH Wash,Rinse,Boilout,Boilout,Boilout,DI Rinse,Boilout,Rinse,Rinse,Rinse,Rinse,Rinse,Boilout,Boilout,Boilout,Rinse
A82K7,Boilout,KOH Wash,Boilout,Rinse,Boilout,Rinse,Rinse,Rinse,Rinse,Boilout,Boilout,DI Rinse,DI Rinse,Boilout,Boilout,Boilout,Boilout,Rinse,Boilout,Boilout,Boilout,Boilout,KOH Wash,Boilout,Boilout,DI Rinse,Boilout,Boilout,Boilout,KOH Wash,Rinse,Boilout,Boilout,Boilout,Rinse,Boilout,Boilout,Rinse,Rinse,Rinse,Rinse,Boilout,Boilout,Boilout,Rinse
A82S3,Rinse,KOH Wash,Boilout,Rinse,Boilout,Rinse,Rinse,Boilout,Rinse,Boilout,Boilout,DI Rinse,DI Rinse,Boilout,Boilout,Boilout,Boilout,Rinse,Rinse,Rinse,Boilout,Boilout,KOH Wash,Boilout,Boilout,DI Rinse,Boilout,Boilout,Boilout,KOH Wash,Rinse,Boilout,Boilout,Boilout,Rinse,Boilout,Rinse,Rinse,Rinse,Rinse,Rinse,Boilout,Boilout,Boilout,Rinse
C02X6,Boilout,KOH Wash,Boilout,Rinse,Boilout,Rinse,Rinse,Boilout,Rinse,Rinse,Boilout,DI Rinse,DI Rinse,Boilout,Boilout,Boilout,Boilout,Rinse,Boilout,Rinse,Boilout,Boilout,KOH Wash,Boilout,Boilout,DI Rinse,Boilout,Boilout,Boilout,KOH Wash,Rinse,Boilout,Boilout,Boilout,DI Rinse,Boilout,Boilout,Rinse,Rinse,Rinse,Rinse,Boilout,Boilout,Boilout,Rinse
C06F7,Boilout,KOH Wash,Boilout,Rinse,Boilout,Rinse,Rinse,Boilout,Rinse,Boilout,Rinse,DI Rinse,DI Rinse,Boilout,Boilout,Boilout,Boilout,Rinse,Boilout,Rinse,Boilout,Boilout,KOH Wash,Boilout,Boilout,DI Rinse,Boilout,Boilout,Boilout,KOH Wash,Rinse,Boilout,Boilout,Boilout,DI Rinse,Boilout,Boilout,Rinse,Rinse,Rinse,Rinse,Boilout,Boilout,Boilout,Rinse
D07D2,DI Rinse,KOH Wash,Boilout,Rinse,Boilout,Rinse,Rinse,Boilout,Rinse,Boilout,Boilout,Rinse,DI Rinse,Boilout,Boilout,Boilout,Boilout,DI Rinse,DI Rinse,DI Rinse,Boilout,Boilout,KOH Wash,Boilout,Boilout,DI Rinse,Boilout,Boilout,Boilout,KOH Wash,Rinse,Boilout,Boilout,Boilout,DI Rinse,Boilout,DI Rinse,Rinse,Rinse,Rinse,Rinse,Boilout,Boilout,Boilout,Rinse
F05E5,DI Rinse,KOH Wash,Boilout,Rinse,Boilout,Rinse,Rinse,Boilout,Rinse,Boilout,Boilout,DI Rinse,Rinse,Boilout,Boilout,Boilout,Boilout,DI Rinse,DI Rinse,DI Rinse,Boilout,Boilout,KOH Wash,Boilout,Boilout,DI Rinse,Boilout,Boilout,Boilout,KOH Wash,Rinse,Boilout,Boilout,Boilout,DI Rinse,Boilout,DI Rinse,Rinse,Rinse,Rinse,Rinse,Boilout,Boilout,Boilout,Rinse
F08B3,Rinse,KOH Wash,Boilout,Rinse,Boilout,Rinse,Rinse,Boilout,Rinse,Boilout,Boilout,DI Rinse,Rinse,Rinse,Boilout,Boilout,Boilout,Rinse,Rinse,Rinse,Boilout,Boilout,KOH Wash,Boilout,Boilout,DI Rinse,Boilout,Boilout,Boilout,KOH Wash,Rinse,Boilout,Boilout,Boilout,Rinse,Boilout,Rinse,Rinse,Rinse,Rinse,Rinse,Boilout,Boilout,Boilout,Rinse
F75G1,Rinse,KOH Wash,Boilout,Rinse,Boilout,Rinse,Rinse,Boilout,Rinse,Boilout,Boilout,DI Rinse,Rinse,Rinse,Rinse,Boilout,Boilout,Rinse,Rinse,Rinse,Boilout,Boilout,KOH Wash,Boilout,Boilout,DI Rinse,Boilout,Boilout,Boilout,KOH Wash,Rinse,Boilout,Boilout,Boilout,Rinse,Boilout,Rinse,Rinse,Rinse,Rinse,Rinse,Boilout,Boilout,Boilout,Rinse
F82F8,Rinse,KOH Wash,Boilout,Rinse,Boilout,Rinse,Rinse,Boilout,Rinse,Boilout,Boilout,DI Rinse,Rinse,Rinse,Boilout,Rinse,Boilout,Rinse,Rinse,Rinse,Boilout,Boilout,KOH Wash,Boilout,Boilout,DI Rinse,Boilout,Boilout,Boilout,KOH Wash,Rinse,Boilout,Boilout,Boilout,Rinse,Boilout,Rinse,Rinse,Rinse,Rinse,Rinse,Boilout,Boilout,Boilout,Rinse
F82U8,Rinse,KOH Wash,Boilout,Rinse,Boilout,Rinse,Rinse,Boilout,Rinse,Boilout,Boilout,DI Rinse,Rinse,Rinse,Boilout,Rinse,Rinse,Rinse,Rinse,Rinse,Boilout,Boilout,KOH Wash,Boilout,Boilout,DI Rinse,Boilout,Boilout,Boilout,KOH Wash,Rinse,Boilout,Boilout,Boilout,Rinse,Boilout,Rinse,Rinse,Rinse,Rinse,Rinse,Boilout,Boilout,Boilout,Rinse
G08B8,Boilout,KOH Wash,Boilout,Rinse,Boilout,Rinse,Rinse,Boilout,Rinse,Boilout,Boilout,DI Rinse,Rinse,Rinse,Boilout,Rinse,Rinse,Rinse,Boilout,Boilout,Boilout,Boilout,KOH Wash,Boilout,Boilout,DI Rinse,Boilout,Boilout,Boilout,KOH Wash,Rinse,Boilout,Boilout,Boilout,Rinse,Boilout,Boilout,Rinse,Rinse,Rinse,Rinse,Boilout,Boilout,Boilout,Rinse
G09B9,Rinse,KOH Wash,Boilout,Rinse,Boilout,Rinse,Rinse,Boilout,Rinse,Boilout,Boilout,DI Rinse,Rinse,Rinse,Boilout,Rinse,Rinse,Rinse,Rinse,Rinse,Boilout,Boilout,KOH Wash,Boilout,Boilout,DI Rinse,Boilout,Boilout,Boilout,KOH Wash,Rinse,Boilout,Boilout,Boilout,Rinse,Boilout,Rinse,Rinse,Rinse,Rinse,Rinse,Boilout,Boilout,Boilout,Rinse
H05J1,Rinse,KOH Wash,Boilout,Rinse,Boilout,Rinse,Rinse,Boilout,Rinse,Boilout,Boilout,DI Rinse,Rinse,Rinse,Boilout,Rinse,Rinse,Rinse,Rinse,Rinse,Boilout,Boilout,KOH Wash,Boilout,Boilout,DI Rinse,Boilout,Boilout,Boilout,KOH Wash,Rinse,Boilout,Boilout,Boilout,Rinse,Boilout,Rinse,Rinse,Rinse,Rinse,Rinse,Boilout,Boilout,Boilout,Rinse
J05B1,Boilout,KOH Wash,Boilout,Rinse,Boilout,Rinse,Rinse,Boilout,Rinse,Boilout,Boilout,DI Rinse,Rinse,Rinse,Boilout,Rinse,Rinse,Rinse,Boilout,Rinse,Rinse,Boilout,KOH Wash,Boilout,Boilout,DI Rinse,Boilout,Boilout,Boilout,KOH Wash,Rinse,Boilout,Boilout,Boilout,Rinse,Boilout,Boilout,Rinse,Rinse,Rinse,Rinse,Boilout,Boilout,Boilout,Rinse
J06S6,Boilout,KOH Wash,Boilout,Rinse,Boilout,Rinse,Rinse,Boilout,Rinse,Boilout,Boilout,DI Rinse,Rinse,Rinse,Boilout,Rinse,Rinse,DI Rinse,Boilout,Rinse,Rinse,Rinse,KOH Wash,Boilout,Boilout,DI Rinse,Boilout,Boilout,Boilout,KOH Wash,Rinse,Boilout,Boilout,Boilout,Rinse,Boilout,Boilout,Rinse,Rinse,Rinse,Rinse,Boilout,Boilout,Boilout,Rinse
J07B1,DI Rinse,KOH Wash,Boilout,Rinse,Boilout,Rinse,Rinse,Boilout,Rinse,Boilout,Boilout,DI Rinse,Rinse,Rinse,Boilout,Rinse,Rinse,DI Rinse,DI Rinse,Rinse,Rinse,Rinse,KOH Wash,Boilout,Boilout,DI Rinse,Boilout,Boilout,Boilout,KOH Wash,Rinse,Boilout,Boilout,Boilout,Rinse,Boilout,DI Rinse,Rinse,Rinse,Rinse,Rinse,Boilout,Boilout,Boilout,Rinse
J12B5,Boilout,KOH Wash,Boilout,Rinse,Boilout,Rinse,Rinse,Boilout,Rinse,Boilout,Boilout,DI Rinse,Rinse,Rinse,Boilout,Rinse,Rinse,Rinse,Boilout,Rinse,Rinse,Rinse,KOH Wash,Rinse,Boilout,DI Rinse,Boilout,Boilout,Boilout,KOH Wash,Rinse,Boilout,Boilout,Boilout,Rinse,Boilout,Boilout,Rinse,Rinse,Rinse,Rinse,Boilout,Boilout,Boilout,Rinse
J13Q5,Rinse,KOH Wash,Boilout,Rinse,Boilout,Rinse,Rinse,Boilout,Rinse,Boilout,Boilout,DI Rinse,Rinse,Rinse,Boilout,Rinse,Rinse,Rinse,Rinse,Rinse,Rinse,Rinse,KOH Wash,Rinse,Rinse,DI Rinse,Boilout,Boilout,Boilout,KOH Wash,Rinse,Boilout,Boilout,Boilout,Rinse,Boilout,Rinse,Rinse,Rinse,Rinse,Rinse,Boilout,Boilout,Boilout,Rinse
K00Z3,Rinse,KOH Wash,Boilout,Rinse,Boilout,Rinse,Rinse,Boilout,Rinse,Boilout,Boilout,DI Rinse,Rinse,Rinse,Boilout,Rinse,Rinse,DI Rinse,Rinse,Rinse,Rinse,Rinse,KOH Wash,Rinse,Rinse,Rinse,Boilout,Boilout,Boilout,KOH Wash,Rinse,Boilout,Boilout,Boilout,DI Rinse,Boilout,Rinse,Rinse,Rinse,Rinse,Rinse,Boilout,Boilout,Boilout,Rinse
K09C0,Rinse,KOH Wash,Boilout,Rinse,Boilout,Rinse,Rinse,Boilout,Rinse,Boilout,Boilout,DI Rinse,Rinse,Rinse,Boilout,Rinse,Rinse,Rinse,Rinse,Rinse,Rinse,Rinse,KOH Wash,Rinse,Rinse,Rinse,Rinse,Boilout,Boilout,KOH Wash,Rinse,Boilout,Boilout,Boilout,DI Rinse,Boilout,Rinse,Rinse,Rinse,Rinse,Rinse,Boilout,Boilout,Boilout,Rinse
K11B3,Boilout,KOH Wash,Boilout,Rinse,Boilout,Rinse,Rinse,Boilout,Rinse,Boilout,Boilout,DI Rinse,Rinse,Rinse,Boilout,Rinse,Rinse,Rinse,Boilout,Rinse,Rinse,Rinse,KOH Wash,Rinse,Rinse,Rinse,Boilout,Rinse,Boilout,KOH Wash,Rinse,Boilout,Boilout,Boilout,DI Rinse,Boilout,Boilout,Rinse,Rinse,Rinse,Rinse,Boilout,Boilout,Boilout,Rinse
L89T8,Boilout,KOH Wash,Boilout,Rinse,Boilout,Rinse,Rinse,Boilout,Rinse,Boilout,Boilout,DI Rinse,Rinse,Rinse,Boilout,Rinse,Rinse,Rinse,Boilout,Rinse,Rinse,Rinse,KOH Wash,Rinse,Rinse,Rinse,Boilout,Boilout,Rinse,KOH Wash,Rinse,Boilout,Boilout,Boilout,DI Rinse,Boilout,Boilout,Rinse,Rinse,Rinse,Rinse,Boilout,Boilout,Boilout,Rinse
M09C2,DI Rinse,KOH Wash,Boilout,Rinse,Boilout,Rinse,Rinse,Boilout,Rinse,Boilout,Boilout,DI Rinse,Rinse,Rinse,Boilout,Rinse,Rinse,Rinse,DI Rinse,Rinse,Rinse,Rinse,KOH Wash,Rinse,Rinse,Rinse,Boilout,Boilout,Rinse,KOH Wash,Rinse,Boilout,Boilout,Boilout,DI Rinse,Boilout,DI Rinse,Rinse,Rinse,Rinse,Rinse,Boilout,Boilout,Boilout,Rinse
N82B1,Rinse,KOH Wash,Boilout,Rinse,Boilout,Rinse,Rinse,Boilout,Rinse,Boilout,Boilout,DI Rinse,Rinse,Rinse,Boilout,Rinse,Rinse,Rinse,Rinse,Rinse,Rinse,Rinse,KOH Wash,Rinse,Rinse,Rinse,Boilout,Boilout,Rinse,KOH Wash,Rinse,Boilout,Boilout,Boilout,DI Rinse,Boilout,Rinse,Rinse,Rinse,Rinse,Rinse,Boilout,Boilout,Boilout,Rinse
N82N5,Rinse,KOH Wash,Boilout,Rinse,Boilout,Rinse,Rinse,Boilout,Rinse,Boilout,Boilout,DI Rinse,Rinse,Rinse,Boilout,Rinse,Rinse,Rinse,Rinse,Rinse,Rinse,Rinse,KOH Wash,Rinse,Rinse,Rinse,Boilout,Boilout,Rinse,KOH Wash,Rinse,Rinse,Boilout,Boilout,DI Rinse,Boilout,Rinse,Rinse,Rinse,Rinse,Rinse,Boilout,Boilout,Boilout,Rinse
PR-4290,Rinse,KOH Wash,Boilout,Rinse,Boilout,Rinse,Rinse,Boilout,Rinse,Boilout,Boilout,DI Rinse,Rinse,Rinse,Boilout,Rinse,Rinse,Rinse,Rinse,Rinse,Rinse,Rinse,KOH Wash,Rinse,Rinse,Rinse,Boilout,Boilout,Rinse,KOH Wash,Rinse,Rinse,Rinse,Boilout,DI Rinse,Boilout,Rinse,Rinse,Rinse,Rinse,Rinse,Boilout,Boilout,Boilout,Rinse
PR-4291,Rinse,KOH Wash,Boilout,Rinse,Boilout,Rinse,Rinse,Boilout,Rinse,Boilout,Boilout,DI Rinse,Rinse,Rinse,Boilout,Rinse,Rinse,Rinse,Rinse,Rinse,Rinse,Rinse,KOH Wash,Rinse,Rinse,Rinse,Boilout,Boilout,Rinse,KOH Wash,Rinse,Rinse,Rinse,Rinse,DI Rinse,Boilout,Rinse,Rinse,Rinse,Rinse,Rinse,Boilout,Boilout,Boilout,Rinse
PR-4903,Rinse,KOH Wash,Boilout,Rinse,Boilout,Rinse,Rinse,Boilout,Rinse,Boilout,Boilout,DI Rinse,Rinse,Rinse,Boilout,Rinse,Rinse,Rinse,Rinse,Rinse,Rinse,Rinse,KOH Wash,Rinse,Rinse,Rinse,Boilout,Boilout,Rinse,KOH Wash,Rinse,Rinse,Rinse,Rinse,Rinse,Boilout,Rinse,Rinse,Rinse,Rinse,Rinse,Boilout,Boilout,Boilout,Rinse
R08U4,Rinse,KOH Wash,Boilout,Rinse,Boilout,Rinse,Rinse,Boilout,Rinse,Boilout,Boilout,DI Rinse,Rinse,Rinse,Boilout,Rinse,Rinse,Rinse,Rinse,Rinse,Rinse,Rinse,KOH Wash,Rinse,Rinse,Rinse,Boilout,Boilout,Rinse,KOH Wash,Rinse,Rinse,Rinse,Rinse,Rinse,Rinse,Rinse,Rinse,Rinse,Rinse,Rinse,Boilout,Boilout,Boilout,Rinse
S08B0,Rinse,KOH Wash,Boilout,Rinse,Boilout,Rinse,Rinse,Boilout,Rinse,Boilout,Boilout,DI Rinse,Rinse,Rinse,Boilout,Rinse,Rinse,Rinse,Rinse,Rinse,Rinse,Rinse,KOH Wash,Rinse,Rinse,Rinse,Boilout,Boilout,Rinse,KOH Wash,Rinse,Rinse,Rinse,Rinse,Rinse,Rinse,Rinse,Rinse,Rinse,Rinse,Rinse,Boilout,Boilout,Boilout,Rinse
S08D6,Rinse,KOH Wash,Boilout,Rinse,Boilout,Rinse,Rinse,Boilout,Rinse,Boilout,Boilout,DI Rinse,Rinse,Rinse,Boilout,Rinse,Rinse,Rinse,Rinse,Rinse,Rinse,Rinse,KOH Wash,Rinse,Rinse,Rinse,Boilout,Boilout,Rinse,KOH Wash,Rinse,Rinse,Rinse,Rinse,Rinse,Rinse,Rinse,Rinse,Rinse,Rinse,Rinse,Boilout,Boilout,Boilout,Rinse
S08Z3,Rinse,KOH Wash,Boilout,Rinse,Boilout,Rinse,Rinse,Boilout,Rinse,Boilout,Boilout,DI Rinse,Rinse,Rinse,Boilout,Rinse,Rinse,Rinse,Rinse,Rinse,Rinse,Rinse,KOH Wash,Rinse,Rinse,Rinse,Boilout,Boilout,Rinse,KOH Wash,Rinse,Rinse,Rinse,Rinse,Rinse,Rinse,Rinse,Rinse,Rinse,Rinse,Rinse,Boilout,Boilout,Boilout,Rinse
S80V4,Rinse,KOH Wash,Boilout,Rinse,Boilout,Rinse,Rinse,Boilout,Rinse,Boilout,Boilout,DI Rinse,Rinse,Rinse,Boilout,Rinse,Rinse,Rinse,Rinse,Rinse,Rinse,Rinse,KOH Wash,Rinse,Rinse,Rinse,Boilout,Boilout,Rinse,KOH Wash,Rinse,Rinse,Rinse,Rinse,Rinse,Rinse,Rinse,Rinse,Rinse,Rinse,Rinse,Boilout,Boilout,Boilout,Rinse
W05Z5,Boilout,KOH Wash,Boilout,Rinse,Boilout,Rinse,Rinse,Boilout,Rinse,Boilout,Boilout,DI Rinse,Rinse,Rinse,Boilout,Rinse,Rinse,DI Rinse,Boilout,Rinse,Rinse,Rinse,KOH Wash,Rinse,Rinse,Rinse,Boilout,Boilout,Rinse,KOH Wash,Rinse,Rinse,Rinse,Rinse,Rinse,Rinse,Boilout,Rinse,Rinse,Rinse,Rinse,Boilout,Boilout,Boilout,Rinse
W07N6,KOH Wash,KOH Wash,Boilout,Rinse,Boilout,Rinse,Rinse,Boilout,Rinse,Boilout,Boilout,DI Rinse,Rinse,Rinse,Boilout,Rinse,Rinse,DI Rinse,KOH Wash,Rinse,Rinse,Rinse,KOH Wash,Rinse,Rinse,Rinse,Boilout,Boilout,Rinse,KOH Wash,Rinse,Rinse,Rinse,Rinse,Rinse,Rinse,KOH Wash,Rinse,Rinse,Rinse,DI Rinse,Rinse,Boilout,Boilout,Rinse
X78M0,Boilout,KOH Wash,Boilout,Rinse,Boilout,Rinse,Rinse,Boilout,Rinse,Boilout,Boilout,DI Rinse,Rinse,Rinse,Boilout,Rinse,Rinse,Boilout,Boilout,Rinse,Rinse,Rinse,KOH Wash,Rinse,Rinse,Rinse,Boilout,Boilout,Rinse,KOH Wash,Rinse,Rinse,Rinse,Rinse,Rinse,Rinse,Boilout,Rinse,Rinse,Rinse,DI Rinse,Rinse,Rinse,Boilout,Rinse
X95R4,Boilout,KOH Wash,Boilout,Rinse,Boilout,Rinse,Rinse,Boilout,Rinse,Boilout,Boilout,DI Rinse,Rinse,Rinse,Boilout,Rinse,Rinse,Boilout,Boilout,Rinse,Rinse,Rinse,KOH Wash,Rinse,Rinse,Rinse,Boilout,Boilout,Rinse,KOH Wash,Rinse,Rinse,Rinse,Rinse,Rinse,Rinse,Boilout,Rinse,Rinse,Rinse,DI Rinse,Rinse,Boilout,Rinse,Rinse
Z95J5,Boilout,KOH Wash,Boilout,Boilout,Boilout,Boilout,Boilout,Boilout,Boilout,Boilout,Boilout,Boilout,Boilout,Boilout,Boilout,Boilout,Boilout,Boilout,Boilout,Boilout,Boilout,Boilout,KOH Wash,Boilout,Boilout,Boilout,Boilout,Boilout,Boilout,KOH Wash,Boilout,Boilout,Boilout,Boilout,Boilout,Boilout,Boilout,Boilout,Boilout,Boilout,Boilout,Boilout,Boilout,Boilout,Boilout
